Driver	Day	Topic list
driver1	1	[2]
driver1	2	[12]
driver1	3	[11]
driver1	4	[4]
driver1	5	[2]
driver1	6	[9]
driver1	7	[5, 2]
driver1	8	[2]
driver1	9	[3]
driver1	10	[0]
driver1	11	[8]
driver1	12	[15, 1]
driver2	1	[11]
driver2	2	[9]
driver2	3	[12]
driver2	4	[13]
driver2	5	[13]
driver2	6	[0]
driver3	1	[12]
driver3	2	[11]
driver3	3	[2]
driver3	4	[0, 4]
driver3	5	[6]
driver3	6	[0, 15, 11]
driver3	7	[4]
driver3	8	[2, 0]
driver3	9	[13]
driver3	10	[3]
driver3	11	[7]
driver4	1	[13, 2]
driver4	2	[3]
driver4	3	[12]
driver4	4	[2]
driver4	5	[5, 8]
driver4	6	[13]
driver4	7	[1]
driver4	8	[13]
driver4	9	[12]
driver4	10	[12]
driver4	11	[9]
driver4	12	[12]
driver4	13	[9]
driver4	14	[8]
driver4	15	[4]
driver5	1	[12]
driver5	2	[2]
driver5	3	[12]
driver5	4	[8, 5]
driver5	5	[0, 3]
driver5	6	[1]
driver5	7	[11, 10]
driver5	8	[13]
driver5	9	[15]
driver5	10	[13, 2]
driver5	11	[9]
driver5	12	[11]
driver5	13	[15]
driver6	1	[12]
driver6	2	[0, 2]
driver6	3	[4]
driver6	4	[13, 2]
driver6	5	[11, 4]
driver6	6	[9]
driver6	7	[13, 0]
driver6	8	[12]
driver6	9	[2, 13]
driver6	10	[9]
driver6	11	[10, 11]
driver6	12	[2, 13]
driver7	1	[12]
driver7	2	[2]
driver7	3	[1]
driver7	4	[5, 8]
driver7	5	[12, 7]
driver7	6	[13, 2]
driver7	7	[9]
driver7	8	[3]
driver7	9	[11]
driver7	10	[12]
driver7	11	[8]
driver7	12	[1]
driver7	13	[13]
driver7	14	[9]
driver8	1	[3]
driver8	2	[0]
driver9	1	[11]
driver9	2	[9]
driver9	3	[9]
driver9	4	[12, 7]
driver9	5	[12]
driver9	6	[3]
driver9	7	[5, 2]
driver9	8	[12]
driver9	9	[15, 1]
driver9	10	[1, 10]
driver9	11	[13, 2]
driver9	12	[3]
driver9	13	[13, 2]
driver10	1	[15]
driver10	2	[12]
driver10	3	[0, 3]
driver10	4	[8]
driver10	5	[5, 8]
driver10	6	[3]
driver10	7	[11, 4]
driver10	8	[2]
driver10	9	[0]
driver10	10	[0, 11]
driver11	1	[3]
driver11	2	[0, 2]
driver11	3	[9]
driver11	4	[9]
driver11	5	[13]
driver11	6	[1]
driver11	7	[4]
driver11	8	[9]
driver11	9	[8]
driver11	10	[9]
driver11	11	[12]
driver12	1	[4, 11]
driver12	2	[11]
driver12	3	[9]
driver12	4	[1]
driver12	5	[13]
driver12	6	[2]
driver12	7	[13]
driver12	8	[0, 13]
driver12	9	[9]
driver12	10	[2, 5]
driver12	11	[8]
driver13	1	[8, 7]
driver15	1	[13]
driver15	2	[4]
driver15	3	[13, 2]
driver15	4	[4]
driver15	5	[4, 15]
driver15	6	[0, 9]
driver15	7	[13, 2]
driver15	8	[13]
driver15	9	[9]
driver17	1	[5]
driver17	2	[2]
driver17	3	[11]
driver17	4	[2]
driver17	5	[12]
driver17	6	[0]
driver17	7	[0, 13]
driver17	8	[0, 3]
driver17	9	[2]
driver17	10	[0, 3]
driver17	11	[1]
driver18	1	[4]
driver18	2	[0]
driver18	3	[13]
driver18	4	[3]
driver18	5	[3]
driver18	6	[4]
driver18	7	[13]
driver18	8	[5]
driver18	9	[0, 11]
driver19	1	[12]
driver19	2	[12]
driver19	3	[8]
driver19	4	[4]
driver19	5	[11]
driver19	6	[13, 0]
driver19	7	[13]
driver19	8	[8]
driver19	9	[12]
driver19	10	[8]
driver19	11	[13, 2]
driver20	1	[12]
driver20	2	[8, 5]
driver20	3	[12]
driver20	4	[2, 5]
driver20	5	[10]
driver20	6	[8]
driver20	7	[8, 5]
driver20	8	[2, 5]
driver20	9	[12, 6]
driver20	10	[1, 4]
driver20	11	[11, 4]
driver20	12	[13]
driver20	13	[13, 0]
driver20	14	[8]
driver20	15	[8]
driver21	1	[12]
driver21	2	[3]
driver21	3	[8]
driver21	4	[2, 14]
driver21	5	[2]
driver21	6	[8]
driver21	7	[3]
driver21	8	[1]
driver21	9	[3]
driver21	10	[8]
driver21	11	[3]
driver21	12	[5, 8]
driver21	13	[1, 4]
driver21	14	[3]
driver21	15	[9]
driver22	1	[3]
driver22	2	[3]
driver22	3	[9]
driver22	4	[12]
driver22	5	[5, 0]
driver22	6	[4]
driver22	7	[11]
driver22	8	[8]
driver22	9	[0]
driver22	10	[5, 8]
driver23	1	[12]
driver23	2	[3, 0]
driver23	3	[11]
driver23	4	[12]
driver23	5	[9]
driver23	6	[11, 15]
driver23	7	[13]
driver23	8	[13]
driver23	9	[0]
driver23	10	[12]
driver23	11	[13, 2]
driver23	12	[2]
driver23	13	[4]
driver23	14	[4, 15]
driver24	1	[8]
driver24	2	[0]
driver24	3	[0, 2]
driver25	1	[9]
driver25	2	[3]
driver25	3	[2]
driver25	4	[8]
driver25	5	[3]
driver25	6	[2]
driver25	7	[1, 15]
driver25	8	[9]
driver25	9	[9]
driver25	10	[9]
driver25	11	[1, 15]
driver25	12	[2]
driver25	13	[12]
driver26	1	[12]
driver26	2	[12]
driver26	3	[9]
driver26	4	[0]
driver26	5	[3]
driver26	6	[0]
driver29	1	[2]
driver29	2	[14, 13]
driver29	3	[3, 0]
driver29	4	[12]
driver29	5	[3]
driver29	6	[3]
driver31	1	[12]
driver31	2	[11]
driver31	3	[0]
driver31	4	[11]
driver32	1	[4]
driver32	2	[9]
driver32	3	[3]
driver32	4	[9]
driver32	5	[11]
driver32	6	[2]
driver32	7	[2, 0]
driver32	8	[9]
driver32	9	[15]
driver32	10	[12]
driver32	11	[1]
driver32	12	[8]
driver32	13	[7]
driver34	1	[2]
driver35	1	[2, 13]
driver35	2	[12]
driver35	3	[3]
driver35	4	[2]
driver35	5	[12]
driver35	6	[13]
driver35	7	[5, 2]
driver35	8	[9]
driver35	9	[0]
driver35	10	[9]
driver35	11	[2, 13]
driver35	12	[9]
driver35	13	[12]
driver35	14	[13, 2]
driver36	1	[12]
driver36	2	[15]
driver36	3	[8]
driver36	4	[13]
driver36	5	[8]
driver36	6	[13]
driver36	7	[11]
driver36	8	[9]
driver38	1	[9]
driver38	2	[12]
driver38	3	[3, 14]
driver38	4	[2, 13]
driver38	5	[11]
driver38	6	[12]
driver38	7	[8]
driver38	8	[9]
driver38	9	[8]
driver38	10	[13, 14]
driver38	11	[4]
driver38	12	[13]
driver38	13	[9]
driver39	1	[9]
driver39	2	[11]
driver39	3	[9]
driver39	4	[10]
driver39	5	[2, 0]
driver39	6	[0, 3]
driver39	7	[8]
driver39	8	[0]
driver39	9	[8]
driver41	1	[1, 15]
driver43	1	[3]
driver43	2	[12]
driver43	3	[12]
driver43	4	[12]
driver43	5	[8]
driver43	6	[1]
driver43	7	[12]
driver43	8	[0, 3]
driver43	9	[4]
driver43	10	[3, 14]
driver43	11	[12]
driver44	1	[4]
driver45	1	[1]
driver45	2	[9]
driver45	3	[2, 5]
driver45	4	[12, 7]
driver45	5	[4]
driver45	6	[9]
driver45	7	[12]
driver45	8	[12]
driver45	9	[13]
driver45	10	[0]
driver45	11	[11, 10]
driver45	12	[0]
driver46	1	[12]
driver46	2	[0, 14]
driver46	3	[3]
driver46	4	[1]
driver46	5	[8, 5]
driver46	6	[11]
driver46	7	[1, 15]
driver46	8	[5, 8]
driver46	9	[1, 0]
driver46	10	[3]
driver46	11	[14, 3]
driver46	12	[2]
driver46	13	[9]
driver47	1	[2]
driver47	2	[13]
driver47	3	[9]
driver47	4	[8]
driver47	5	[9]
driver47	6	[12]
driver47	7	[8]
driver47	8	[12]
driver47	9	[12]
driver47	10	[1]
driver47	11	[11]
driver47	12	[2]
driver47	13	[9]
driver47	14	[5]
driver48	1	[3]
driver48	2	[0]
driver49	1	[2]
driver50	1	[8]
driver50	2	[13]
driver50	3	[4]
driver50	4	[12]
driver50	5	[1]
driver50	6	[0, 2]
driver50	7	[5, 2]
driver50	8	[8]
driver50	9	[12]
driver50	10	[12]
driver50	11	[2]
driver50	12	[8]
driver50	13	[3]
driver50	14	[2]
driver51	1	[12]
driver51	2	[2]
driver51	3	[2]
driver51	4	[15]
driver51	5	[9]
driver51	6	[1]
driver51	7	[0, 13]
driver51	8	[11]
driver51	9	[8]
driver51	10	[2]
driver51	11	[9]
driver52	1	[9]
driver52	2	[12]
driver52	3	[3]
driver52	4	[9]
driver52	5	[13]
driver52	6	[12]
driver52	7	[8]
driver52	8	[5]
driver52	9	[2, 13]
driver52	10	[14, 4]
driver52	11	[12]
driver53	1	[13]
driver53	2	[8]
driver53	3	[1]
driver53	4	[4]
driver53	5	[9]
driver53	6	[12, 7]
driver53	7	[3]
driver53	8	[4, 11]
driver53	9	[1]
driver53	10	[12]
driver53	11	[7]
driver54	1	[8]
driver54	2	[1]
driver54	3	[8, 5]
driver54	4	[12]
driver54	5	[8, 5]
driver54	6	[0]
driver54	7	[15, 1]
driver54	8	[3]
driver54	9	[2, 0]
driver54	10	[12]
driver54	11	[9]
driver55	1	[12]
driver55	2	[2, 5]
driver55	3	[4]
driver55	4	[4, 10]
driver55	5	[0]
driver55	6	[2]
driver55	7	[12]
driver55	8	[0]
driver55	9	[8]
driver56	1	[2]
driver56	2	[13]
driver56	3	[13]
driver56	4	[1]
driver56	5	[12]
driver56	6	[9]
driver56	7	[11]
driver56	8	[2]
driver56	9	[3]
driver56	10	[12]
driver56	11	[8, 5]
driver56	12	[2]
driver56	13	[1]
driver56	14	[13, 2]
driver57	1	[8]
driver57	2	[4, 11]
driver57	3	[4, 1]
driver57	4	[2]
driver57	5	[9]
driver57	6	[9, 13]
driver57	7	[13, 2]
driver57	8	[15, 1]
driver57	9	[13]
driver57	10	[15]
driver57	11	[13]
driver57	12	[3]
driver57	13	[13, 2]
driver58	1	[11]
driver58	2	[4, 11]
driver58	3	[8]
driver58	4	[1]
driver58	5	[13]
driver58	6	[12]
driver58	7	[5]
driver58	8	[11]
driver58	9	[2]
driver58	10	[10, 1]
driver58	11	[13]
driver59	1	[2]
driver59	2	[9]
driver59	3	[13]
driver59	4	[2, 13]
driver59	5	[1, 15]
driver59	6	[11, 15]
driver59	7	[12]
driver59	8	[1]
driver59	9	[5, 8]
driver59	10	[0, 3, 14]
driver59	11	[2, 13]
driver59	12	[11, 4]
driver59	13	[14, 2]
driver60	1	[13, 2]
driver60	2	[3]
driver60	3	[12]
driver60	4	[4]
driver60	5	[2, 0]
driver60	6	[12, 6]
driver60	7	[11]
driver60	8	[5, 2]
driver60	9	[4, 10]
driver60	10	[9]
driver60	11	[5]
driver62	1	[12]
driver62	2	[1]
driver62	3	[13]
driver62	4	[9]
driver62	5	[9]
driver62	6	[13, 2]
driver62	7	[2]
driver62	8	[5, 2]
driver62	9	[3]
driver62	10	[2]
driver62	11	[2]
driver63	1	[12]
driver63	2	[5]
driver63	3	[13, 9]
driver63	4	[12]
driver63	5	[5]
driver63	6	[2]
driver63	7	[9]
driver63	8	[1]
driver64	1	[3, 14]
driver64	2	[14]
driver64	3	[12]
driver64	4	[2, 14]
driver64	5	[8]
driver64	6	[12]
driver64	7	[13, 2]
driver64	8	[14]
driver64	9	[3, 14]
driver64	10	[13]
driver64	11	[7]
driver67	1	[12]
driver67	2	[2]
driver67	3	[10, 1]
driver67	4	[13]
driver67	5	[2]
driver67	6	[13]
driver67	7	[8]
driver67	8	[0]
driver67	9	[12]
driver67	10	[10]
driver67	11	[4, 15]
driver67	12	[2, 0]
driver67	13	[9]
driver67	14	[2]
driver69	1	[12]
driver69	2	[0]
driver69	3	[2]
driver70	1	[12]
driver70	2	[2, 5]
driver70	3	[4, 11]
driver70	4	[1]
driver70	5	[12]
driver70	6	[2]
driver70	7	[12]
driver70	8	[9, 14]
driver70	9	[1, 15]
driver70	10	[13, 2]
driver70	11	[9]
driver70	12	[2]
driver71	1	[3]
driver71	2	[1]
driver71	3	[12]
driver71	4	[3]
driver71	5	[3]
driver71	6	[11]
driver71	7	[3]
driver71	8	[13, 2]
driver71	9	[3]
driver71	10	[11]
driver71	11	[0]
driver72	1	[14]
driver72	2	[14]
driver72	3	[13]
driver72	4	[4]
driver72	5	[3]
driver72	6	[14]
driver72	7	[4]
driver72	8	[2]
driver73	1	[12]
driver73	2	[0, 1]
driver73	3	[3]
driver73	4	[5]
driver73	5	[8]
driver73	6	[2]
driver73	7	[13]
driver73	8	[5]
driver73	9	[3]
driver73	10	[9]
driver73	11	[5, 8]
driver73	12	[12]
driver73	13	[8]
driver73	14	[13]
driver74	1	[5]
driver74	2	[9]
driver74	3	[14, 2]
driver74	4	[8]
driver74	5	[2]
driver74	6	[4]
driver74	7	[5]
driver74	8	[13, 2]
driver74	9	[1]
driver74	10	[2, 5]
driver74	11	[8, 5]
driver75	1	[12]
driver75	2	[9]
driver75	3	[9]
driver75	4	[9]
driver75	5	[9]
driver75	6	[4]
driver75	7	[9]
driver75	8	[9]
driver75	9	[9]
driver75	10	[0]
driver75	11	[4]
driver75	12	[11, 0]
driver75	13	[0, 8]
driver75	14	[8, 5]
driver76	1	[12]
driver76	2	[11]
driver76	3	[0, 2]
driver77	1	[12]
driver77	2	[4]
driver77	3	[4]
driver77	4	[12]
driver78	1	[6]
driver78	2	[6]
driver78	3	[15]
driver78	4	[1]
driver78	5	[5, 8]
driver78	6	[12]
driver78	7	[9]
driver79	1	[12]
driver79	2	[2, 0]
driver79	3	[3]
driver79	4	[3]
driver79	5	[8, 5]
driver79	6	[12]
driver79	7	[3]
driver79	8	[0]
driver79	9	[9]
driver79	10	[2, 13]
driver79	11	[2, 5]
driver80	1	[2, 14]
driver80	2	[8]
driver80	3	[1]
driver80	4	[0]
driver80	5	[2, 5]
driver80	6	[0]
driver80	7	[4, 10]
driver80	8	[2, 5]
driver80	9	[2]
driver80	10	[3]
driver80	11	[3]
driver81	1	[11]
driver81	2	[12]
driver81	3	[12]
driver81	4	[3]
driver81	5	[12]
driver81	6	[12]
driver81	7	[0]
driver82	1	[3]
driver82	2	[5, 8]
driver83	1	[14]
driver83	2	[3]
driver83	3	[5]
driver83	4	[12]
driver83	5	[2]
driver83	6	[2]
driver83	7	[4]
driver84	1	[5]
driver84	2	[12, 7]
driver84	3	[0, 2]
driver84	4	[9]
driver84	5	[3]
driver84	6	[8]
driver84	7	[2]
driver84	8	[8]
driver84	9	[11]
driver84	10	[2]
driver84	11	[2]
driver84	12	[8]
driver85	1	[12]
driver85	2	[9]
driver85	3	[9]
driver85	4	[8]
driver85	5	[13]
driver85	6	[3]
driver85	7	[15, 4]
driver85	8	[12]
driver85	9	[0]
driver85	10	[13]
driver85	11	[2, 13]
driver85	12	[14, 3]
driver86	1	[9]
driver86	2	[0]
driver86	3	[9]
driver86	4	[1, 4]
driver86	5	[12]
driver86	6	[13]
driver86	7	[0, 3]
driver86	8	[11]
driver86	9	[12]
driver86	10	[2]
driver86	11	[5, 8]
driver86	12	[12]
driver86	13	[2]
driver87	1	[13]
driver87	2	[13, 2]
driver87	3	[3]
driver87	4	[1]
driver87	5	[13]
driver87	6	[3]
driver87	7	[9]
driver87	8	[13]
driver87	9	[9]
driver87	10	[11]
driver87	11	[15, 0]
driver87	12	[0]
driver87	13	[9]
driver88	1	[12]
driver88	2	[11]
driver88	3	[8]
driver88	4	[9]
driver88	5	[9]
driver88	6	[12]
driver88	7	[12]
driver88	8	[1]
driver88	9	[13]
driver88	10	[12]
driver89	1	[14]
driver89	2	[12]
driver89	3	[7]
driver89	4	[12]
driver89	5	[3]
driver89	6	[14, 3]
driver89	7	[13]
driver89	8	[12]
driver89	9	[4]
driver89	10	[12]
driver90	1	[4, 11]
driver90	2	[15, 1]
driver90	3	[0, 2]
driver90	4	[9]
driver90	5	[12]
driver90	6	[8]
driver90	7	[9]
driver90	8	[12]
driver90	9	[13, 2]
driver90	10	[9]
driver90	11	[13]
driver91	1	[13]
driver91	2	[9]
driver91	3	[5, 8]
driver91	4	[12]
driver91	5	[11]
driver91	6	[14]
driver91	7	[13, 2]
driver91	8	[2, 5]
driver92	1	[12]
driver92	2	[4]
driver92	3	[13, 2]
driver92	4	[2, 13]
driver92	5	[3]
driver92	6	[1]
driver92	7	[4]
driver92	8	[8]
driver93	1	[8]
driver93	2	[13]
driver93	3	[12]
driver93	4	[13, 2]
driver93	5	[5]
driver93	6	[13]
driver93	7	[11]
driver93	8	[2]
driver94	1	[12]
driver94	2	[3]
driver94	3	[8]
driver94	4	[3]
driver94	5	[1]
driver94	6	[3]
driver94	7	[11]
driver94	8	[9]
driver94	9	[3]
driver94	10	[11, 14]
driver94	11	[9]
driver94	12	[3]
driver94	13	[2, 5]
driver95	1	[2, 13]
driver95	2	[7, 8]
driver96	1	[12]
driver96	2	[8]
driver96	3	[12]
driver96	4	[11, 0]
driver96	5	[11]
driver96	6	[9]
driver96	7	[3]
driver96	8	[9]
driver96	9	[9]
driver96	10	[2]
driver96	11	[13, 2]
driver96	12	[12, 6]
driver97	1	[12]
driver97	2	[8]
driver97	3	[13]
driver97	4	[12]
driver97	5	[8, 5]
driver97	6	[12]
driver97	7	[3]
driver97	8	[0, 2]
driver97	9	[13]
driver97	10	[13]
driver98	1	[12]
driver98	2	[2]
driver98	3	[12]
driver98	4	[12]
driver98	5	[12]
driver98	6	[13]
driver98	7	[3]
driver98	8	[14, 3]
driver98	9	[2]
driver98	10	[2]
driver98	11	[3]
driver98	12	[8]
driver98	13	[2, 5]
driver98	14	[12]
driver98	15	[9]
driver98	16	[2]
driver98	17	[9]
driver98	18	[5, 2]
driver99	1	[8]
driver99	2	[8]
driver99	3	[2]
driver99	4	[11]
driver99	5	[1]
driver99	6	[1]
driver99	7	[2, 13]
driver99	8	[0]
driver99	9	[9]
driver99	10	[12]
driver100	1	[11]
driver100	2	[0, 13]
driver100	3	[8]
driver100	4	[11, 4]
driver100	5	[1]
driver100	6	[13, 2]
driver100	7	[0, 13]
driver100	8	[4]
driver101	1	[4, 11]
driver101	2	[13]
driver101	3	[15, 4]
driver101	4	[1, 15]
driver101	5	[4]
driver101	6	[12]
driver101	7	[9]
driver101	8	[12]
driver102	1	[6]
driver102	2	[12]
driver102	3	[15]
driver102	4	[3]
driver102	5	[4, 11]
driver102	6	[8]
driver102	7	[2, 14]
driver102	8	[9]
driver102	9	[9]
driver102	10	[12]
driver103	1	[13, 2]
driver103	2	[8]
driver103	3	[13, 2]
driver103	4	[2]
driver103	5	[9]
driver104	1	[12]
driver104	2	[4]
driver104	3	[9]
driver104	4	[12]
driver104	5	[12]
driver104	6	[9]
driver104	7	[12, 7]
driver104	8	[12]
driver104	9	[13]
driver105	1	[7]
driver105	2	[3]
driver105	3	[3]
driver105	4	[2]
driver105	5	[12]
driver105	6	[3]
driver105	7	[9]
driver105	8	[4]
driver105	9	[14]
driver105	10	[2]
driver105	11	[14, 7]
driver106	1	[11]
driver106	2	[13]
driver106	3	[8]
driver106	4	[8]
driver106	5	[13]
driver107	1	[9, 13]
driver107	2	[3]
driver107	3	[3, 14]
driver107	4	[9]
driver107	5	[12]
driver107	6	[3]
driver107	7	[13]
driver107	8	[12]
driver107	9	[3]
driver107	10	[1, 4]
driver107	11	[12]
driver107	12	[13]
driver107	13	[7]
driver108	1	[12]
driver108	2	[11]
driver108	3	[5]
driver108	4	[12, 7]
driver108	5	[3]
driver108	6	[1]
driver108	7	[0, 8]
driver108	8	[12]
driver108	9	[13]
driver108	10	[8]
driver108	11	[9]
driver108	12	[13, 2]
driver108	13	[14]
driver109	1	[3]
driver109	2	[14, 3]
driver109	3	[7]
driver109	4	[4]
driver109	5	[12]
driver109	6	[5, 8]
driver109	7	[13, 7]
driver109	8	[12]
driver109	9	[14]
driver109	10	[5]
driver110	1	[14]
driver110	2	[3]
driver110	3	[13]
driver110	4	[4]
driver110	5	[3]
driver110	6	[3]
driver110	7	[4, 15]
driver110	8	[2]
driver111	1	[4, 11]
driver111	2	[11]
driver111	3	[2, 13]
driver111	4	[8]
driver111	5	[11, 4]
driver111	6	[13]
driver111	7	[0, 1]
driver111	8	[5]
driver111	9	[12, 7]
driver111	10	[5, 2]
driver111	11	[13, 2]
driver111	12	[1]
driver112	1	[3]
driver112	2	[0]
driver112	3	[4]
driver112	4	[12]
driver112	5	[3]
driver112	6	[12]
driver112	7	[4, 0]
driver112	8	[14, 3]
driver112	9	[2]
driver112	10	[3]
driver112	11	[8]
driver112	12	[0, 3]
driver112	13	[3]
driver113	1	[3]
driver113	2	[12]
driver113	3	[4]
driver113	4	[1]
driver113	5	[1]
driver113	6	[11]
driver113	7	[9]
driver113	8	[1, 0]
driver113	9	[8]
driver113	10	[3]
driver113	11	[12]
driver114	1	[14]
driver114	2	[11]
driver114	3	[4]
driver114	4	[11]
driver114	5	[12]
driver114	6	[15, 11]
driver114	7	[8]
driver114	8	[4]
driver114	9	[2]
driver114	10	[11, 15]
driver115	1	[12]
driver115	2	[0, 2]
driver115	3	[2]
driver115	4	[1]
driver115	5	[10, 4]
driver115	6	[8]
driver115	7	[4]
driver115	8	[13]
driver115	9	[4, 11]
driver115	10	[11]
driver115	11	[2]
driver116	1	[9]
driver116	2	[12]
driver116	3	[15]
driver116	4	[12]
driver118	1	[1]
driver118	2	[5, 2]
driver118	3	[12]
driver118	4	[2, 13]
driver118	5	[12]
driver118	6	[12]
driver118	7	[9, 8]
driver118	8	[3]
driver118	9	[8]
driver118	10	[14, 13]
driver118	11	[3]
driver118	12	[12]
driver118	13	[8, 5]
driver118	14	[12]
driver119	1	[12]
driver119	2	[11, 15]
driver119	3	[15, 11]
driver119	4	[8]
driver119	5	[2]
driver119	6	[9]
driver119	7	[15, 14, 11]
driver119	8	[4, 14]
driver119	9	[4]
driver120	1	[3]
driver120	2	[3]
driver120	3	[14, 2]
driver120	4	[14]
driver120	5	[5, 8]
driver120	6	[14]
driver120	7	[1]
driver120	8	[8]
driver120	9	[2]
driver120	10	[12]
driver120	11	[12]
driver120	12	[12]
driver121	1	[2]
driver121	2	[3, 14]
driver121	3	[14]
driver121	4	[5, 8]
driver121	5	[3]
driver122	1	[11]
driver122	2	[12]
driver122	3	[2]
driver122	4	[2, 0]
driver122	5	[4]
driver122	6	[9]
driver122	7	[5, 2]
driver122	8	[4, 15]
driver122	9	[9]
driver122	10	[1]
driver122	11	[8]
driver122	12	[9]
driver122	13	[11]
driver123	1	[14, 3]
driver123	2	[8]
driver123	3	[2]
driver123	4	[8]
driver123	5	[3, 14]
driver123	6	[14]
driver123	7	[3]
driver123	8	[12]
driver123	9	[1]
driver123	10	[1]
driver123	11	[9]
driver124	1	[12]
driver124	2	[3]
driver124	3	[13, 2]
driver124	4	[8, 5]
driver124	5	[3]
driver124	6	[4]
driver124	7	[13, 2]
driver124	8	[9]
driver124	9	[5, 2]
driver124	10	[12]
driver124	11	[8]
driver124	12	[11, 14]
driver124	13	[5, 2]
driver126	1	[4, 15]
driver126	2	[9]
driver126	3	[2, 5]
driver126	4	[13, 2]
driver126	5	[3]
driver126	6	[11]
driver126	7	[2, 13]
driver126	8	[12]
driver126	9	[2]
driver126	10	[12]
driver127	1	[13]
driver127	2	[13]
driver127	3	[12]
driver127	4	[9]
driver127	5	[3]
driver127	6	[3]
driver127	7	[3, 0]
driver127	8	[15, 1]
driver127	9	[8]
driver127	10	[12]
driver127	11	[15]
driver127	12	[13, 2]
driver128	1	[12]
driver128	2	[13]
driver128	3	[2]
driver128	4	[13]
driver128	5	[5]
driver128	6	[2]
driver128	7	[3]
driver128	8	[1]
driver128	9	[1]
driver129	1	[3]
driver129	2	[5, 8]
driver129	3	[12]
driver129	4	[5, 7]
driver129	5	[13, 2]
driver129	6	[13, 7]
driver130	1	[6]
driver130	2	[8, 5]
driver130	3	[5]
driver130	4	[3, 14]
driver130	5	[12]
driver130	6	[0]
driver131	1	[3]
driver131	2	[12]
driver131	3	[3]
driver131	4	[12]
driver131	5	[12]
driver131	6	[9]
driver131	7	[9]
driver131	8	[9]
driver131	9	[2]
driver131	10	[8]
driver131	11	[8]
driver131	12	[15, 1]
driver131	13	[8, 5]
driver132	1	[12]
driver132	2	[4]
driver132	3	[2, 13]
driver132	4	[15]
driver132	5	[4]
driver132	6	[2, 5]
driver134	1	[2, 14]
driver134	2	[9]
driver134	3	[12]
driver134	4	[4, 0]
driver134	5	[2]
driver134	6	[9]
driver134	7	[11]
driver134	8	[12]
driver134	9	[13]
driver134	10	[2]
driver134	11	[11]
driver134	12	[11, 4]
driver134	13	[8]
driver135	1	[11]
driver135	2	[4, 11]
driver135	3	[8]
driver135	4	[9]
driver135	5	[8]
driver135	6	[12]
driver135	7	[13, 2]
driver135	8	[14, 3]
driver135	9	[15, 4]
driver135	10	[3]
driver135	11	[14, 12]
driver136	1	[12]
driver136	2	[14]
driver136	3	[15]
driver136	4	[2, 5]
driver136	5	[8]
driver136	6	[12, 6]
driver136	7	[5]
driver136	8	[3, 0]
driver136	9	[12]
driver136	10	[8, 5]
driver136	11	[1]
driver136	12	[8]
driver136	13	[12]
driver137	1	[5]
driver137	2	[14]
driver137	3	[13]
driver137	4	[0, 13]
driver137	5	[2]
driver137	6	[2]
driver137	7	[9, 14]
driver137	8	[13, 2]
driver137	9	[12]
driver137	10	[8, 5]
driver137	11	[0, 11]
driver137	12	[2]
driver137	13	[5]
driver138	1	[9]
driver138	2	[1]
driver138	3	[13]
driver138	4	[13]
driver138	5	[2]
driver138	6	[0, 11]
driver138	7	[2]
driver138	8	[3]
driver139	1	[12]
driver139	2	[2]
driver139	3	[4, 15]
driver139	4	[2]
driver139	5	[8]
driver139	6	[4, 15]
driver139	7	[9]
driver139	8	[1]
driver139	9	[4]
driver140	1	[12]
driver140	2	[14, 13]
driver140	3	[13, 2]
driver140	4	[14, 0]
driver140	5	[2, 7]
driver140	6	[2]
driver140	7	[14]
driver140	8	[14]
driver141	1	[8]
driver141	2	[2]
driver141	3	[12]
driver141	4	[3]
driver141	5	[2, 5]
driver141	6	[13]
driver141	7	[3]
driver141	8	[3, 14]
driver141	9	[15]
driver142	1	[14]
driver142	2	[3]
driver142	3	[9]
driver142	4	[3]
driver142	5	[4]
driver142	6	[12]
driver142	7	[2]
driver143	1	[8, 5]
driver143	2	[13]
driver143	3	[9]
driver143	4	[13]
driver143	5	[12]
driver143	6	[5]
driver143	7	[7, 2]
driver143	8	[9, 13]
driver143	9	[13]
driver143	10	[12]
driver143	11	[14, 0]
driver143	12	[14, 0]
driver143	13	[12]
driver144	1	[2]
driver144	2	[9]
driver144	3	[8]
driver144	4	[9]
driver144	5	[8]
driver144	6	[9]
driver144	7	[8]
driver144	8	[8]
driver144	9	[9]
driver144	10	[8]
driver144	11	[8]
driver144	12	[8, 7]
driver145	1	[11]
driver145	2	[13, 2]
driver145	3	[12]
driver145	4	[8]
driver145	5	[11, 4]
driver145	6	[8, 5]
driver145	7	[8]
driver145	8	[13, 2]
driver145	9	[4]
driver145	10	[1, 10]
driver147	1	[9]
driver147	2	[12]
driver147	3	[9]
driver147	4	[12]
driver147	5	[11]
driver147	6	[8]
driver147	7	[1]
driver147	8	[10, 4]
driver147	9	[8]
driver147	10	[2, 5]
driver147	11	[12]
driver147	12	[2]
driver147	13	[13, 2]
driver147	14	[9]
driver148	1	[3]
driver148	2	[3]
driver148	3	[3]
driver148	4	[3]
driver148	5	[0]
driver148	6	[3]
driver148	7	[2]
driver148	8	[14, 3]
driver148	9	[3]
driver149	1	[13]
driver149	2	[2]
driver149	3	[2, 13]
driver149	4	[9]
driver149	5	[3, 0]
driver149	6	[3, 14]
driver149	7	[2, 13]
driver149	8	[8]
driver149	9	[13, 2]
driver149	10	[1]
driver149	11	[4, 1]
driver150	1	[9]
driver150	2	[5, 8]
driver150	3	[2, 14]
driver150	4	[9]
driver150	5	[4, 10]
driver150	6	[13]
driver150	7	[12]
driver150	8	[4, 15]
driver150	9	[1]
driver150	10	[13]
driver150	11	[3]
driver151	1	[9]
driver151	2	[6]
driver151	3	[12]
driver151	4	[11]
driver151	5	[8]
driver151	6	[2, 13]
driver151	7	[2]
driver151	8	[12]
driver151	9	[8]
driver151	10	[0]
driver151	11	[9]
driver151	12	[11]
driver151	13	[12]
driver151	14	[2]
driver152	1	[9]
driver152	2	[11, 4]
driver152	3	[14, 2]
driver152	4	[4]
driver152	5	[8]
driver152	6	[13]
driver152	7	[12]
driver152	8	[9]
driver152	9	[8, 5]
driver152	10	[13]
driver152	11	[13]
driver152	12	[3]
driver152	13	[2, 0]
driver152	14	[8]
driver152	15	[8]
driver153	1	[2, 14]
driver153	2	[8]
driver153	3	[2, 5]
driver153	4	[0]
driver153	5	[15, 1]
driver153	6	[8]
driver153	7	[13]
driver153	8	[8]
driver153	9	[2, 13]
driver153	10	[8]
driver153	11	[12]
driver154	1	[1]
driver154	2	[8]
driver154	3	[4]
driver154	4	[9]
driver154	5	[12]
driver154	6	[14]
driver154	7	[1]
driver154	8	[12]
driver154	9	[12]
driver154	10	[12]
driver154	11	[3]
driver154	12	[14, 3]
driver154	13	[12]
driver154	14	[9]
driver155	1	[9]
driver155	2	[12]
driver155	3	[8]
driver155	4	[9]
driver155	5	[11, 15]
driver155	6	[3]
driver155	7	[8]
driver155	8	[8]
driver155	9	[8]
driver155	10	[12]
driver155	11	[3]
driver155	12	[8]
driver155	13	[12]
driver155	14	[8, 5]
driver155	15	[9]
driver157	1	[12]
driver157	2	[9, 8]
driver157	3	[3]
driver157	4	[2]
driver157	5	[12]
driver157	6	[12]
driver157	7	[2, 13]
driver159	1	[13, 2]
driver159	2	[0]
driver159	3	[9]
driver159	4	[11]
driver159	5	[12]
driver159	6	[13]
driver159	7	[4]
driver159	8	[12]
driver159	9	[12]
driver159	10	[12]
driver159	11	[12]
driver159	12	[0]
driver159	13	[1, 0]
driver159	14	[4, 15]
driver159	15	[2]
driver160	1	[13]
driver160	2	[0]
driver160	3	[0]
driver160	4	[8, 5]
driver160	5	[2, 5]
driver160	6	[2, 13]
driver160	7	[9]
driver160	8	[1]
driver160	9	[4, 10]
driver160	10	[11]
driver160	11	[8]
driver161	1	[13]
driver161	2	[14]
driver161	3	[14, 0]
driver161	4	[5]
driver161	5	[15]
driver161	6	[3]
driver161	7	[12]
driver161	8	[14]
driver162	1	[4]
driver162	2	[2, 5]
driver162	3	[4, 10]
driver162	4	[0]
driver162	5	[2, 14]
driver162	6	[2]
driver162	7	[4]
driver162	8	[0]
driver162	9	[1]
driver162	10	[9]
driver163	1	[14]
driver163	2	[1]
driver163	3	[9]
driver163	4	[0]
driver163	5	[11]
driver163	6	[11]
driver163	7	[11]
driver163	8	[15, 1]
driver163	9	[9]
driver163	10	[0, 2]
driver163	11	[0, 2]
driver163	12	[12]
driver164	1	[3]
driver164	2	[2]
driver164	3	[12, 14]
driver164	4	[3, 14]
driver164	5	[14]
driver164	6	[12]
driver164	7	[0, 3]
driver164	8	[7]
driver164	9	[4]
driver164	10	[14]
driver164	11	[13]
driver164	12	[14]
driver165	1	[14, 2]
driver165	2	[1, 10]
driver165	3	[5, 2]
driver165	4	[8]
driver165	5	[12]
driver165	6	[13, 14]
driver165	7	[2]
driver165	8	[4, 1]
driver166	1	[12]
driver166	2	[2, 14]
driver166	3	[0, 3]
driver166	4	[3]
driver166	5	[4]
driver166	6	[13]
driver166	7	[3]
driver166	8	[2]
driver166	9	[8]
driver166	10	[9]
driver166	11	[13]
driver166	12	[2]
driver166	13	[5, 2]
driver167	1	[8]
driver167	2	[3]
driver167	3	[9]
driver167	4	[3]
driver167	5	[14]
driver167	6	[3, 14]
driver167	7	[12]
driver167	8	[2, 13]
driver167	9	[3]
driver167	10	[14]
driver167	11	[4]
driver168	1	[5]
driver168	2	[3]
driver168	3	[13]
driver168	4	[3]
driver168	5	[3, 14]
driver168	6	[15]
driver168	7	[9]
driver168	8	[9]
driver168	9	[9]
driver168	10	[4]
driver168	11	[15]
driver168	12	[8, 5]
driver168	13	[5, 2]
driver169	1	[12]
driver169	2	[13]
driver169	3	[13]
driver169	4	[8, 5]
driver169	5	[4]
driver169	6	[12]
driver169	7	[11]
driver169	8	[1]
driver169	9	[13]
driver169	10	[2, 5]
driver170	1	[9]
driver170	2	[2]
driver170	3	[3]
driver170	4	[14]
driver170	5	[14]
driver170	6	[3]
driver170	7	[14]
driver170	8	[14]
driver170	9	[0, 14]
driver170	10	[14, 3]
driver170	11	[4, 10]
driver170	12	[14]
driver171	1	[12]
driver171	2	[1]
driver171	3	[12]
driver171	4	[0, 3]
driver171	5	[9]
driver171	6	[9]
driver171	7	[11]
driver171	8	[2, 13]
driver172	1	[15]
driver172	2	[4]
driver172	3	[2, 13]
driver172	4	[8]
driver172	5	[8]
driver172	6	[0]
driver172	7	[11]
driver172	8	[4]
driver172	9	[4]
driver173	1	[13]
driver173	2	[3]
driver173	3	[13, 2]
driver173	4	[2]
driver173	5	[13, 2]
driver173	6	[8]
driver173	7	[13]
driver173	8	[2, 5]
driver173	9	[11, 4]
driver173	10	[12]
driver173	11	[9]
driver174	1	[9]
driver174	2	[1]
driver174	3	[15]
driver174	4	[9]
driver174	5	[11]
driver174	6	[8]
driver174	7	[9]
driver174	8	[8]
driver174	9	[8]
driver174	10	[3]
driver174	11	[15]
driver174	12	[1, 15]
driver175	1	[4, 15]
driver175	2	[5, 2]
driver175	3	[1]
driver175	4	[13]
driver175	5	[12]
driver175	6	[0]
driver175	7	[13]
driver175	8	[2]
driver175	9	[3, 14]
driver175	10	[8]
driver175	11	[3, 0]
driver175	12	[2]
driver176	1	[8]
driver176	2	[5]
driver176	3	[12]
driver176	4	[2, 13]
driver176	5	[4]
driver176	6	[4, 10]
driver176	7	[12, 6]
driver176	8	[2]
driver176	9	[3]
driver176	10	[11, 4]
driver176	11	[9]
driver176	12	[13]
driver176	13	[13, 2]
driver177	1	[13, 2]
driver177	2	[4, 10]
driver177	3	[5, 8]
driver177	4	[4, 1]
driver177	5	[3]
driver177	6	[0, 2]
driver177	7	[8]
driver177	8	[11]
driver177	9	[3]
driver177	10	[3]
driver177	11	[11]
driver177	12	[4, 10]
driver178	1	[13]
driver178	2	[9]
driver178	3	[14, 2]
driver178	4	[14]
driver178	5	[2]
driver178	6	[3]
driver178	7	[14]
driver178	8	[4]
driver178	9	[7]
driver179	1	[12]
driver179	2	[11]
driver179	3	[4, 15]
driver179	4	[2]
driver179	5	[0, 2]
driver179	6	[8]
driver179	7	[2, 5]
driver179	8	[3]
driver179	9	[11]
driver179	10	[8]
driver180	1	[12]
driver180	2	[13, 2]
driver180	3	[14, 3]
driver180	4	[8]
driver180	5	[12]
driver180	6	[4, 15]
driver180	7	[14, 3]
driver180	8	[14]
driver180	9	[2, 13]
driver180	10	[3, 14]
driver181	1	[11]
driver181	2	[9]
driver181	3	[13]
driver181	4	[11]
driver181	5	[9]
driver181	6	[13, 2]
driver181	7	[3]
driver181	8	[9]
driver181	9	[8]
driver182	1	[2, 13]
driver182	2	[4]
driver182	3	[2]
driver182	4	[5, 2]
driver182	5	[0]
driver182	6	[2]
driver183	1	[12]
driver183	2	[3]
driver183	3	[12]
driver183	4	[8]
driver183	5	[14]
driver183	6	[12]
driver183	7	[0, 12]
driver183	8	[12]
driver183	9	[12]
driver183	10	[2]
driver183	11	[14]
driver184	1	[12]
driver184	2	[14, 7]
driver184	3	[13]
driver184	4	[9]
driver184	5	[2]
driver184	6	[7, 2]
driver184	7	[14]
driver184	8	[3]
driver185	1	[12]
driver185	2	[15]
driver185	3	[3]
driver185	4	[3, 14]
driver185	5	[15, 11]
driver185	6	[12]
driver185	7	[5]
driver185	8	[12]
driver185	9	[13]
driver185	10	[5]
driver186	1	[8, 5]
driver186	2	[12]
driver186	3	[3]
driver186	4	[9]
driver186	5	[0, 1]
driver186	6	[14]
driver186	7	[12]
driver186	8	[0]
driver186	9	[3]
driver187	1	[9]
driver187	2	[3]
driver187	3	[14]
driver188	1	[3]
driver188	2	[14]
driver188	3	[14, 2]
driver188	4	[0, 14]
driver188	5	[5]
driver188	6	[14]
driver188	7	[1]
driver188	8	[8, 5]
driver188	9	[2]
driver188	10	[3, 14]
driver188	11	[12]
driver188	12	[12]
